STT,Tiêu đề,Công ty,Lương,Link
1,Tour Operator/ Điều Hành Tour Inbound (Thu Nhập Từ $US 700 – $US 1500/Tháng),Công ty TNHH Du Lịch Authentic Asia,"700 - 1,500 USD",https://www.topcv.vn/viec-lam/tour-operator-dieu-hanh-tour-inbound-thu-nhap-tu-us-700-us-1500-thang/2111673.html?ta_source=JobSearchList_LinkDetail&u_sr_id=ldByqLBiPcxT5CmGJKaGEBKrfdq5hO9rDDZYWKuZ_1776608183
2,"Nhân Viên Bán Hàng Thời Trang (Tuyển Nữ) - Thu Nhập Upto 25 Triệu/Tháng Theo Năng Lực, Đi Làm Ngay",MIBEBE,10 - 25 triệu,https://www.topcv.vn/viec-lam/nhan-vien-ban-hang-thoi-trang-tuyen-nu-thu-nhap-upto-25-trieu-thang-theo-nang-luc-di-lam-ngay/2126000.html?ta_source=JobSearchList_LinkDetail&u_sr_id=ldByqLBiPcxT5CmGJKaGEBKrfdq5hO9rDDZYWKuZ_1776608183
3,"Chăm Sóc Khách Hàng - Không Yêu Cầu Kinh Nghiệm - Lương Up To 10,5 Triệu (Làm Việc Tại Thủ Đức)",CÔNG TY TNHH BẤT ĐỘNG SẢN 5S - GROUP,7 - 10.5 triệu,https://www.topcv.vn/viec-lam/cham-soc-khach-hang-khong-yeu-cau-kinh-nghiem-luong-up-to-10-5-trieu-lam-viec-tai-thu-duc/1730052.html?ta_source=JobSearchList_LinkDetail&u_sr_id=ldByqLBiPcxT5CmGJKaGEBKrfdq5hO9rDDZYWKuZ_1776608183
4,Nhân Viên Kinh Doanh / Sales / Tư Vấn/ Bán Hàng Bất Động Sản - Đi Làm Ngay Không Yêu Cầu Kinh Nghiệm,CÔNG TY CỔ PHẦN TẬP ĐOÀN VHG,50 - 100 triệu,https://www.topcv.vn/viec-lam/nhan-vien-kinh-doanh-sales-tu-van-ban-hang-bat-dong-san-di-lam-ngay-khong-yeu-cau-kinh-nghiem/2074720.html?ta_source=JobSearchList_LinkDetail&u_sr_id=ldByqLBiPcxT5CmGJKaGEBKrfdq5hO9rDDZYWKuZ_1776608183
5,Content Manager Mảng Du Lịch - Nhà Hàng - Nông Sản,CÔNG TY CỔ PHẦN TẬP ĐOÀN VIỆT NAM SIGNATURE,20 - 30 triệu,https://www.topcv.vn/viec-lam/content-manager-mang-du-lich-nha-hang-nong-san/2126159.html?ta_source=JobSearchList_LinkDetail&u_sr_id=ldByqLBiPcxT5CmGJKaGEBKrfdq5hO9rDDZYWKuZ_1776608183
6,Kế Toán Nội Bộ,Công ty Cổ Phần Kinh doanh thương mại và Xuất nhập khẩu Trường Thịnh,12 - 14 triệu,https://www.topcv.vn/viec-lam/ke-toan-noi-bo/2110548.html?ta_source=JobSearchList_LinkDetail&u_sr_id=ldByqLBiPcxT5CmGJKaGEBKrfdq5hO9rDDZYWKuZ_1776608183
7,Senior General Accountant (6-Month Contract),Công ty TNHH Thương Mại NCA (VN),20 - 30 triệu,https://www.topcv.vn/viec-lam/senior-general-accountant-6-month-contract/2121958.html?ta_source=JobSearchList_LinkDetail&u_sr_id=ldByqLBiPcxT5CmGJKaGEBKrfdq5hO9rDDZYWKuZ_1776608183
8,Trưởng Phòng Chăm Sóc Khách Hàng/ Customer Manager – Hệ Thống Giáo Dục VIP – Thu Nhập 20-30 Triệu,Công ty cổ phần Giáo dục HMT Việt Nam,20 - 30 triệu,https://www.topcv.vn/viec-lam/truong-phong-cham-soc-khach-hang-customer-manager-he-thong-giao-duc-vip-thu-nhap-20-30-trieu/2109231.html?ta_source=JobSearchList_LinkDetail&u_sr_id=ldByqLBiPcxT5CmGJKaGEBKrfdq5hO9rDDZYWKuZ_1776608183
9,Kế Toán Thuế - Lương Upto 16 Triệu - Tại Hà Nội (Đi Làm Ngay),CÔNG TY TNHH THIẾT BỊ ANH PHÁT,13 - 16 triệu,https://www.topcv.vn/viec-lam/ke-toan-thue-luong-upto-16-trieu-tai-ha-noi-di-lam-ngay/2110108.html?ta_source=JobSearchList_LinkDetail&u_sr_id=ldByqLBiPcxT5CmGJKaGEBKrfdq5hO9rDDZYWKuZ_1776608183
10,Kế Toán Trưởng (Chief Accountant) (20 - 25M),CÔNG TY TRÁCH NHIỆM HỮU HẠN PHAN CHI HUY,20 - 25 triệu,https://www.topcv.vn/viec-lam/ke-toan-truong-chief-accountant-20-25m/2110779.html?ta_source=JobSearchList_LinkDetail&u_sr_id=ldByqLBiPcxT5CmGJKaGEBKrfdq5hO9rDDZYWKuZ_1776608183
11,"Nhân Viên Kinh Doanh/ Tư Vấn/ Sales Bất Động Sản (Lương Cứng 6tr+ Hoa Hồng, Hỗ Trợ 100% Marketing) [Đà Nẵng, Nha Trang & Vũng Tàu]",Công Ty TNHH Thương Mại Và Đầu Tư SRT Miền Trung,Từ 50 triệu,https://www.topcv.vn/viec-lam/nhan-vien-kinh-doanh-tu-van-sales-bat-dong-san-luong-cung-6tr-hoa-hong-ho-tro-100-marketing-da-nang-nha-trang-vung-tau/2051094.html?ta_source=JobSearchList_LinkDetail&u_sr_id=ldByqLBiPcxT5CmGJKaGEBKrfdq5hO9rDDZYWKuZ_1776608183
12,"Chuyên Viên Kinh Tế Xây Dựng Và Đấu Thầu - Kỹ Sư QS - Dự Toán Công Trình - 5 Năm Kinh Nghiệm Trở Lên - Tại Xuân Đỉnh, HN - Thu Nhập 25 - 27 Triệu +++",Công ty Cổ Phần Đầu Tư Bảo Lai,25 - 27 triệu,https://www.topcv.vn/viec-lam/chuyen-vien-kinh-te-xay-dung-va-dau-thau-ky-su-qs-du-toan-cong-trinh-5-nam-kinh-nghiem-tro-len-tai-xuan-dinh-hn-thu-nhap-25-27-trieu/2110971.html?ta_source=JobSearchList_LinkDetail&u_sr_id=ldByqLBiPcxT5CmGJKaGEBKrfdq5hO9rDDZYWKuZ_1776608183
13,"Chuyên Viên Phát Triển Đối Tác Nền Tảng MISA ASP/ Sales B2B - Lương Cứng Từ 9 - 12,5 Triệu",Công ty Cổ phần MISA,25 - 30 triệu,https://www.topcv.vn/brand/misa/tuyen-dung/chuyen-vien-phat-trien-doi-tac-nen-tang-misa-asp-sales-b2b-luong-cung-tu-9-12-5-trieu-j2104206.html?ta_source=JobSearchList_LinkDetail&u_sr_id=ldByqLBiPcxT5CmGJKaGEBKrfdq5hO9rDDZYWKuZ_1776608183
14,Nhân Viên Tư Vấn Khóa Học Online Thu Nhập 10 – 20 Triệu VNĐ/ Tháng (Lương Cứng + Doanh Số),CÔNG TY CỔ PHẦN GIẢI PHÁP CÔNG NGHỆ PORO,10 - 20 triệu,https://www.topcv.vn/viec-lam/nhan-vien-tu-van-khoa-hoc-online-thu-nhap-10-20-trieu-vnd-thang-luong-cung-doanh-so/2086044.html?ta_source=JobSearchList_LinkDetail&u_sr_id=ldByqLBiPcxT5CmGJKaGEBKrfdq5hO9rDDZYWKuZ_1776608183
15,"Kỹ Thuật Điện Nhẹ / Tự Động Hóa / Điện, Điện Tử - Thu Nhập Upto 15 Triệu - Hà Nội",Công ty CP ứng dụng và dịch vụ công nghệ cao - ASTEC,10 - 15 triệu,https://www.topcv.vn/viec-lam/ky-thuat-dien-nhe-tu-dong-hoa-dien-dien-tu-thu-nhap-upto-15-trieu-ha-noi/2110712.html?ta_source=JobSearchList_LinkDetail&u_sr_id=ldByqLBiPcxT5CmGJKaGEBKrfdq5hO9rDDZYWKuZ_1776608183
16,Kỹ Sư Nội Nghiệp Xây Dựng (QS| Dự Toán|Cán Bộ Hồ Sơ| Thanh Quyết Toán) Lương 20-25 Triệu + Bao Ăn Ở Tại Đông Anh,CÔNG TY TNHH XÂY DỰNG CẢNH QUAN VÀ THƯƠNG MẠI HOÀNG LINH,20 - 25 triệu,https://www.topcv.vn/viec-lam/ky-su-noi-nghiep-xay-dung-qs-du-toan-can-bo-ho-so-thanh-quyet-toan-luong-20-25-trieu-bao-an-o-tai-dong-anh/2110663.html?ta_source=JobSearchList_LinkDetail&u_sr_id=ldByqLBiPcxT5CmGJKaGEBKrfdq5hO9rDDZYWKuZ_1776608183
17,GIÁM ĐỐC TÀI CHÍNH (CFO – Chief Financial Officer),CÔNG TY TNHH QUẢN LÝ CHUỖI CUNG ỨNG GGBINGO,30 - 70 triệu,https://www.topcv.vn/viec-lam/giam-doc-tai-chinh-cfo-chief-financial-officer/2091523.html?ta_source=JobSearchList_LinkDetail&u_sr_id=ldByqLBiPcxT5CmGJKaGEBKrfdq5hO9rDDZYWKuZ_1776608183
18,Giám Đốc Kinh Doanh - Sales Director - Thu Nhập Hấp Dẫn - Đi Làm Ngay,CÔNG TY CỔ PHẦN XUẤT NHẬP KHẨU VÀ PHÂN PHỐI SẢN PHẨM Y DƯỢC VHN,Thoả thuận,https://www.topcv.vn/viec-lam/giam-doc-kinh-doanh-sales-director-thu-nhap-hap-dan-di-lam-ngay/2124812.html?ta_source=JobSearchList_LinkDetail&u_sr_id=ldByqLBiPcxT5CmGJKaGEBKrfdq5hO9rDDZYWKuZ_1776608183
19,Team Leader Sales Ngành Giáo Dục Lương 30tr5 + Hoa Hồng (Quận 1) - Biết Tiếng Anh,CÔNG TY TNHH HELLOWORLD ONLINE EDUCATION VIETNAM,Từ 30.5 triệu,https://www.topcv.vn/viec-lam/team-leader-sales-nganh-giao-duc-luong-30tr5-hoa-hong-quan-1-biet-tieng-anh/2042217.html?ta_source=JobSearchList_LinkDetail&u_sr_id=ldByqLBiPcxT5CmGJKaGEBKrfdq5hO9rDDZYWKuZ_1776608183
20,Kiến Trúc Sư Kinh Doanh Giải Pháp Chiếu Sáng - Hồ Chí Minh - Lương Cứng Upto 20 Triệu,Công ty TNHH Chiếu Sáng Soluz,Tới 30 triệu,https://www.topcv.vn/viec-lam/kien-truc-su-kinh-doanh-giai-phap-chieu-sang-ho-chi-minh-luong-cung-upto-20-trieu/2124092.html?ta_source=JobSearchList_LinkDetail&u_sr_id=ldByqLBiPcxT5CmGJKaGEBKrfdq5hO9rDDZYWKuZ_1776608183
21,"General Accountant / Kế Toán Tổng Hợp - Thu Nhập Hấp Dẫn, Lên Đến 15 Triệu - Hỗ Trợ Thiết Bị Làm Việc - Hà Nội (Xuân Đỉnh, Bắc Từ Liêm)",CÔNG TY TNHH THƯƠNG MẠI VÀ KỸ THUẬT VINATEC,12 - 15 triệu,https://www.topcv.vn/viec-lam/general-accountant-ke-toan-tong-hop-thu-nhap-hap-dan-len-den-15-trieu-ho-tro-thiet-bi-lam-viec-ha-noi-xuan-dinh-bac-tu-liem/2110051.html?ta_source=JobSearchList_LinkDetail&u_sr_id=ldByqLBiPcxT5CmGJKaGEBKrfdq5hO9rDDZYWKuZ_1776608183
22,Nhân Viên Livestream Fulltime Thu Nhập Từ 15 - 20 Triệu +++ Tại Hà Nội,CÔNG TY TNHH NỘI THẤT VÀ THƯƠNG MẠI TQD VIỆT NAM,15 - 20 triệu,https://www.topcv.vn/viec-lam/nhan-vien-livestream-fulltime-thu-nhap-tu-15-20-trieu-tai-ha-noi/2125393.html?ta_source=JobSearchList_LinkDetail&u_sr_id=ldByqLBiPcxT5CmGJKaGEBKrfdq5hO9rDDZYWKuZ_1776608183
23,Nhân Viên Tư Vấn Tuyển Sinh - Tại Hà Nội & TP.HCM (Lương Cứng 7-9 Triệu + Phụ Cấp + Thưởng),Mathnasium Việt Nam,8 - 15 triệu,https://www.topcv.vn/viec-lam/nhan-vien-tu-van-tuyen-sinh-tai-ha-noi-tp-hcm-luong-cung-7-9-trieu-phu-cap-thuong/2095382.html?ta_source=JobSearchList_LinkDetail&u_sr_id=ldByqLBiPcxT5CmGJKaGEBKrfdq5hO9rDDZYWKuZ_1776608183
24,Nhân Viên Kế Toán Nội Bộ / Kế Toán Viên_ Tuyển Nữ ( Thu Nhập Upto 18.000.000 ) Tại Hà Nội,Công ty CP Tư vấn XD và TM Nghi Tàm,10 - 18 triệu,https://www.topcv.vn/viec-lam/nhan-vien-ke-toan-noi-bo-ke-toan-vien-tuyen-nu-thu-nhap-upto-18-000-000-tai-ha-noi/2110232.html?ta_source=JobSearchList_LinkDetail&u_sr_id=ldByqLBiPcxT5CmGJKaGEBKrfdq5hO9rDDZYWKuZ_1776608183
25,Kế Toán Sản Xuất - Lương Từ  12-14 Triệu - Hồ Chí Minh (Quận 12),CÔNG TY CỔ PHẦN DƯỢC PHẨM HUNATHIPHARMA,12 - 14 triệu,https://www.topcv.vn/viec-lam/ke-toan-san-xuat-luong-tu-12-14-trieu-ho-chi-minh-quan-12/2119340.html?ta_source=JobSearchList_LinkDetail&u_sr_id=ldByqLBiPcxT5CmGJKaGEBKrfdq5hO9rDDZYWKuZ_1776608183
26,Kế Toán Viên - Tân Phú (Lương 12 - 14 Triệu),CÔNG TY TNHH NA MI,12 - 14 triệu,https://www.topcv.vn/viec-lam/ke-toan-vien-tan-phu-luong-12-14-trieu/2120423.html?ta_source=JobSearchList_LinkDetail&u_sr_id=ldByqLBiPcxT5CmGJKaGEBKrfdq5hO9rDDZYWKuZ_1776608183
27,Nhân Viên Kế Toán Nội Bộ - Tại Phòng Khám Nha Khoa (Lương Trên 10 Triệu),Công Ty TNHH Nha Khoa Đức Toàn,Từ 10 triệu,https://www.topcv.vn/viec-lam/nhan-vien-ke-toan-noi-bo-tai-phong-kham-nha-khoa-luong-tren-10-trieu/2109712.html?ta_source=JobSearchList_LinkDetail&u_sr_id=ldByqLBiPcxT5CmGJKaGEBKrfdq5hO9rDDZYWKuZ_1776608183
28,"Nhân Viên Tuyển Dụng (Ưu Tiên Đi Làm Ngay) 2 Năm Kinh Nghiệm, Thu Nhập 12 - 15 Triệu (Hà Đông - Hà Nội)",CÔNG TY CỔ PHẦN TẬP ĐOÀN STARMED,12 - 15 triệu,https://www.topcv.vn/viec-lam/nhan-vien-tuyen-dung-uu-tien-di-lam-ngay-2-nam-kinh-nghiem-thu-nhap-12-15-trieu-ha-dong-ha-noi/2118763.html?ta_source=JobSearchList_LinkDetail&u_sr_id=ldByqLBiPcxT5CmGJKaGEBKrfdq5hO9rDDZYWKuZ_1776608183
29,Kỹ Sư Thiết Kế 3D – Trang Trí Chiếu Sáng Cảnh Quan,CÔNG TY TNHH VILIGHT,Thoả thuận,https://www.topcv.vn/viec-lam/ky-su-thiet-ke-3d-trang-tri-chieu-sang-canh-quan/2076496.html?ta_source=JobSearchList_LinkDetail&u_sr_id=ldByqLBiPcxT5CmGJKaGEBKrfdq5hO9rDDZYWKuZ_1776608183
30,Pricing Manager - Trưởng Phòng Pricing (FWD/Logistics) - Đãi Ngộ Hấp Dẫn - Tại Hà Nội,CÔNG TY LOGISTICS - TỔNG CÔNG TY BƯU ĐIỆN VIỆT NAM,Thoả thuận,https://www.topcv.vn/viec-lam/pricing-manager-truong-phong-pricing-fwd-logistics-dai-ngo-hap-dan-tai-ha-noi/2121356.html?ta_source=JobSearchList_LinkDetail&u_sr_id=ldByqLBiPcxT5CmGJKaGEBKrfdq5hO9rDDZYWKuZ_1776608183
31,Nhân Viên Sale Qua Kênh Zalo OA/Trực Page Bán Hàng Kênh Zalo OA/ Sale Chat - Tổng Thu Nhập 12-21 Triệu/Tháng-Fulltime Quận 12),Công ty TNHH Vietnam Concentrix Services,12 - 21 triệu,https://www.topcv.vn/brand/concentrixservices/tuyen-dung/nhan-vien-sale-qua-kenh-zalo-oa-truc-page-ban-hang-kenh-zalo-oa-sale-chat-tong-thu-nhap-12-21-trieu-thang-fulltime-quan-12-j2128088.html?ta_source=JobSearchList_LinkDetail&u_sr_id=ldByqLBiPcxT5CmGJKaGEBKrfdq5hO9rDDZYWKuZ_1776608183
32,"Nhân Viên Kế Toán Tổng Hợp, Đi Làm Ngay, 1 Năm Kinh Nghiệm, Lương Thỏa Thuận Theo Năng Lực, TPHCM",CÔNG TY TNHH TƯ VẤN QUẢN LÝ ALMIGHTY,Thoả thuận,https://www.topcv.vn/viec-lam/nhan-vien-ke-toan-tong-hop-di-lam-ngay-1-nam-kinh-nghiem-luong-thoa-thuan-theo-nang-luc-tphcm/2094144.html?ta_source=JobSearchList_LinkDetail&u_sr_id=ldByqLBiPcxT5CmGJKaGEBKrfdq5hO9rDDZYWKuZ_1776608183
33,Chuyên Viên Tối Ưu Quảng Cáo TikTok(Lead / APP / Web)/Ads Optimizer,CÔNG TY TNHH SONIC FUSION,Tới 60 triệu,https://www.topcv.vn/viec-lam/chuyen-vien-toi-uu-quang-cao-tiktoklead-app-web-ads-optimizer/2093167.html?ta_source=JobSearchList_LinkDetail&u_sr_id=ldByqLBiPcxT5CmGJKaGEBKrfdq5hO9rDDZYWKuZ_1776608183
34,Chuyên Viên Đào Tạo / Hướng Dẫn Sử Dụng Phần Mềm Doanh Nghiệp - MISA AMIS,Công ty Cổ phần MISA,9 - 12 triệu,https://www.topcv.vn/brand/misa/tuyen-dung/chuyen-vien-dao-tao-huong-dan-su-dung-phan-mem-doanh-nghiep-misa-amis-j2104021.html?ta_source=JobSearchList_LinkDetail&u_sr_id=ldByqLBiPcxT5CmGJKaGEBKrfdq5hO9rDDZYWKuZ_1776608183
35,CỘNG TÁC VIÊN VIB – THẺ TÍN DỤNG & VAY NHANH 5 PHÚT (ONLINE TOÀN QUỐC) (Việc Làm Online | Thu Nhập Cao | Không Cần Gặp Khách,NGÂN HÀNG TMCP QUỐC TẾ VIỆT NAM ( VIB),22 - 100 triệu,https://www.topcv.vn/viec-lam/cong-tac-vien-vib-the-tin-dung-vay-nhanh-5-phut-online-toan-quoc-viec-lam-online-thu-nhap-cao-khong-can-gap-khach/2099716.html?ta_source=JobSearchList_LinkDetail&u_sr_id=ldByqLBiPcxT5CmGJKaGEBKrfdq5hO9rDDZYWKuZ_1776608183
36,"Quản Lý Vận Hành Sàn Thương Mại Điện Tử | 10 - 20 Triệu/Tháng + Thưởng Hoa Hồng | Tuyển Dụng Đi Làm Luôn | Nghĩa Đô, Hà Nội",CÔNG TY CỔ PHẦN THỰC PHẨM AN BIÊN,10 - 20 triệu,https://www.topcv.vn/viec-lam/quan-ly-van-hanh-san-thuong-mai-dien-tu-10-20-trieu-thang-thuong-hoa-hong-tuyen-dung-di-lam-luon-nghia-do-ha-noi/2103310.html?ta_source=JobSearchList_LinkDetail&u_sr_id=ldByqLBiPcxT5CmGJKaGEBKrfdq5hO9rDDZYWKuZ_1776608183
37,Tổng Đài Viên CSKH Ngân Hàng MB Bank – Không Sales - Không Yêu Cầu Kinh Nghiệm,CÔNG TY TNHH TRANSCOSMOS VIỆT NAM,7 - 9 triệu,https://www.topcv.vn/brand/transcosmoshochiminh/tuyen-dung/tong-dai-vien-cskh-ngan-hang-mb-bank-khong-sales-khong-yeu-cau-kinh-nghiem-j2124865.html?ta_source=JobSearchList_LinkDetail&u_sr_id=ldByqLBiPcxT5CmGJKaGEBKrfdq5hO9rDDZYWKuZ_1776608183
38,Kiến Trúc Sư 2D/ CAD Operator Lĩnh Vực Nội Thất - Hà Nội (Lương Upto 20 Triệu Đồng),CÔNG TY CỔ PHẦN ĐẦU TƯ XÂY DỰNG VÀ KIẾN TRÚC HOME4U,13 - 20 triệu,https://www.topcv.vn/viec-lam/kien-truc-su-2d-cad-operator-linh-vuc-noi-that-ha-noi-luong-upto-20-trieu-dong/1993508.html?ta_source=JobSearchList_LinkDetail&u_sr_id=ldByqLBiPcxT5CmGJKaGEBKrfdq5hO9rDDZYWKuZ_1776608183
39,Kế Toán Tổng Hợp- Lương Cơ Bản Up To 20M- Tại Hà Nội,Công ty cổ phần Dũng Mori,Tới 20 triệu,https://www.topcv.vn/viec-lam/ke-toan-tong-hop-luong-co-ban-up-to-20m-tai-ha-noi/2128996.html?ta_source=JobSearchList_LinkDetail&u_sr_id=ldByqLBiPcxT5CmGJKaGEBKrfdq5hO9rDDZYWKuZ_1776608183
40,Nhân Viên Kế Toán Tổng Hợp - Lương Từ 15 - 18 Triệu/Tháng,CÔNG TY TNHH ANNECY VIET NAM,15 - 18 triệu,https://www.topcv.vn/viec-lam/nhan-vien-ke-toan-tong-hop-luong-tu-15-18-trieu-thang/2129344.html?ta_source=JobSearchList_LinkDetail&u_sr_id=ldByqLBiPcxT5CmGJKaGEBKrfdq5hO9rDDZYWKuZ_1776608183
41,Kỹ Thuật Viên Y Học Cổ Truyền | Chuyên Viên Vật Lý Trị Liệu Massage Trị Liệu (Chưa Có KN Được Đào Tạo) Lương 12-15 Triệu,CÔNG TY TNHH ĐÀO TẠO VÀ PHÁT TRIỂN YHCT AN TRIẾT,12 - 15 triệu,https://www.topcv.vn/viec-lam/ky-thuat-vien-y-hoc-co-truyen-chuyen-vien-vat-ly-tri-lieu-massage-tri-lieu-chua-co-kn-duoc-dao-tao-luong-12-15-trieu/2039925.html?ta_source=JobSearchList_LinkDetail&u_sr_id=ldByqLBiPcxT5CmGJKaGEBKrfdq5hO9rDDZYWKuZ_1776608183
42,"Giáo Viên Tiếng Anh (Nữ) - Trung Tâm Ngoại Ngữ, Đi Làm Ngay, Lương 15 - 30 Triệu/Tháng, TPHCM",CÔNG TY TNHH ENGLISH CITY ACADEMY,15 - 30 triệu,https://www.topcv.vn/viec-lam/giao-vien-tieng-anh-nu-trung-tam-ngoai-ngu-di-lam-ngay-luong-15-30-trieu-thang-tphcm/2118086.html?ta_source=JobSearchList_LinkDetail&u_sr_id=ldByqLBiPcxT5CmGJKaGEBKrfdq5hO9rDDZYWKuZ_1776608183
43,Nhân Viên Kinh Doanh Bán Giải Pháp Phần Mềm - B2B - Lương Cứng Upto 12M + Hoa Hồng Không Giới Hạn,"Abenla Co,.Ltd",10 - 50 triệu,https://www.topcv.vn/viec-lam/nhan-vien-kinh-doanh-ban-giai-phap-phan-mem-b2b-luong-cung-upto-12m-hoa-hong-khong-gioi-han/2123062.html?ta_source=JobSearchList_LinkDetail&u_sr_id=ldByqLBiPcxT5CmGJKaGEBKrfdq5hO9rDDZYWKuZ_1776608183
44,Sale Admin - Lĩnh Vực Bất Động Sản (Từ 01 Năm Kinh Nghiệm) - Lương Cạnh Tranh - Quận Thủ Đức (TPHCM),CÔNG TY CỔ PHẦN DKRA RIGEL,Thoả thuận,https://www.topcv.vn/viec-lam/sale-admin-linh-vuc-bat-dong-san-tu-01-nam-kinh-nghiem-luong-canh-tranh-quan-thu-duc-tphcm/2122840.html?ta_source=JobSearchList_LinkDetail&u_sr_id=ldByqLBiPcxT5CmGJKaGEBKrfdq5hO9rDDZYWKuZ_1776608183
45,Chuyên Viên Kinh Doanh Bất Động Sản (Không Yêu Cầu Kinh Nghiệm) - Thu Nhập Tối Thiểu Từ 36 Triệu/Tháng (Hoa Hồng + Thưởng),CÔNG TY CỔ PHẦN TẬP ĐOÀN THIÊN KHÔI - CHI NHÁNH HỒ CHÍ MINH,36 - 100 triệu,https://www.topcv.vn/viec-lam/chuyen-vien-kinh-doanh-bat-dong-san-khong-yeu-cau-kinh-nghiem-thu-nhap-toi-thieu-tu-36-trieu-thang-hoa-hong-thuong/2129189.html?ta_source=JobSearchList_LinkDetail&u_sr_id=ldByqLBiPcxT5CmGJKaGEBKrfdq5hO9rDDZYWKuZ_1776608183
46,Nhân Viên Quan Hệ Khách Hàng Doanh Nghiệp (Tư Vấn Tài Chính),"Chailease International Leasing Co., Ltd. (Head Office)",Thoả thuận,https://www.topcv.vn/brand/chailease/tuyen-dung/nhan-vien-quan-he-khach-hang-doanh-nghiep-tu-van-tai-chinh-j2009050.html?ta_source=JobSearchList_LinkDetail&u_sr_id=ldByqLBiPcxT5CmGJKaGEBKrfdq5hO9rDDZYWKuZ_1776608183
47,Giáo Viên Tiếng Anh Full Time- HỖ TRỢ CHỖ Ở (Kim Bảng - Ninh Bình),CÔNG TY CỔ PHẦN GIÁO DỤC T&Y,Tới 25 triệu,https://www.topcv.vn/viec-lam/giao-vien-tieng-anh-full-time-ho-tro-cho-o-kim-bang-ninh-binh/1765857.html?ta_source=JobSearchList_LinkDetail&u_sr_id=ldByqLBiPcxT5CmGJKaGEBKrfdq5hO9rDDZYWKuZ_1776608183
48,Marketing Team Leader Ngành Giáo Dục - Thu Nhập Upto 25 Triệu,CÔNG TY TNHH CÔNG NGHỆ VÀ GIÁO DỤC 10 GROUP VIỆT NAM,17 - 25 triệu,https://www.topcv.vn/viec-lam/marketing-team-leader-nganh-giao-duc-thu-nhap-upto-25-trieu/2125120.html?ta_source=JobSearchList_LinkDetail&u_sr_id=ldByqLBiPcxT5CmGJKaGEBKrfdq5hO9rDDZYWKuZ_1776608183
49,Kế Toán Tổng Hợp - Thu Nhập Upto 17 Triệu/Tháng - Tại Tân Phú,CÔNG TY TNHH XUẤT NHẬP KHẨU NMD,12 - 15 triệu,https://www.topcv.vn/viec-lam/ke-toan-tong-hop-thu-nhap-upto-17-trieu-thang-tai-tan-phu/2114154.html?ta_source=JobSearchList_LinkDetail&u_sr_id=ldByqLBiPcxT5CmGJKaGEBKrfdq5hO9rDDZYWKuZ_1776608183
50,Nhân Viên Kinh Doanh / Hỗ Trợ Bán Hàng Tại Văn Phòng Quận 12 ( Data Có Sẵn - Thử Việc 100% Lương - Thu Nhập 10-20 Triệu/Tháng),Công ty TNHH Vietnam Concentrix Services,Tới 20 triệu,https://www.topcv.vn/brand/concentrixservices/tuyen-dung/nhan-vien-kinh-doanh-ho-tro-ban-hang-tai-van-phong-quan-12-data-co-san-thu-viec-100-luong-thu-nhap-10-20-trieu-thang-j2113598.html?ta_source=JobSearchList_LinkDetail&u_sr_id=ldByqLBiPcxT5CmGJKaGEBKrfdq5hO9rDDZYWKuZ_1776608183
51,Kế Toán Tổng Hợp - Thu Nhập Upto 17 Triệu/Tháng - Tại Tân Phú,CÔNG TY TNHH XUẤT NHẬP KHẨU NMD,12 - 15 triệu,https://www.topcv.vn/viec-lam/ke-toan-tong-hop-thu-nhap-upto-17-trieu-thang-tai-tan-phu/2114154.html?ta_source=JobSearchList_LinkDetail&u_sr_id=ldByqLBiPcxT5CmGJKaGEBKrfdq5hO9rDDZYWKuZ_1776608186
52,Nhân Viên Kinh Doanh / Hỗ Trợ Bán Hàng Tại Văn Phòng Quận 12 ( Data Có Sẵn - Thử Việc 100% Lương - Thu Nhập 10-20 Triệu/Tháng),Công ty TNHH Vietnam Concentrix Services,Tới 20 triệu,https://www.topcv.vn/brand/concentrixservices/tuyen-dung/nhan-vien-kinh-doanh-ho-tro-ban-hang-tai-van-phong-quan-12-data-co-san-thu-viec-100-luong-thu-nhap-10-20-trieu-thang-j2113598.html?ta_source=JobSearchList_LinkDetail&u_sr_id=ldByqLBiPcxT5CmGJKaGEBKrfdq5hO9rDDZYWKuZ_1776608186
53,Chuyên Viên Cao Cấp Kinh Doanh Sản Phẩm Vay Tín Chấp Tại Hồ Chí Minh - Kinh Nghiệm Từ 3 Năm - Thu Nhập Hấp Dẫn Không Giới Hạn,Ngân hàng TMCP Việt Nam Thịnh Vượng (VPBank),Thoả thuận,https://www.topcv.vn/viec-lam/chuyen-vien-cao-cap-kinh-doanh-san-pham-vay-tin-chap-tai-ho-chi-minh-kinh-nghiem-tu-3-nam-thu-nhap-hap-dan-khong-gioi-han/2123125.html?ta_source=JobSearchList_LinkDetail&u_sr_id=ldByqLBiPcxT5CmGJKaGEBKrfdq5hO9rDDZYWKuZ_1776608186
54,PM Manager | Quản Lý Dự Án – Nhà Máy Điện Tử (NPI/Manufacturing) – Bình Dương - Lương 30 - 60 Triệu / Tháng,CÔNG TY TNHH KA HONG (VIETNAM),30 - 60 triệu,https://www.topcv.vn/viec-lam/pm-manager-quan-ly-du-an-nha-may-dien-tu-npi-manufacturing-binh-duong-luong-30-60-trieu-thang/2089593.html?ta_source=JobSearchList_LinkDetail&u_sr_id=ldByqLBiPcxT5CmGJKaGEBKrfdq5hO9rDDZYWKuZ_1776608186
55,Kế Toán Trưởng - Đi Làm Luôn,CÔNG TY TNHH PHƯƠNG ANH,Thoả thuận,https://www.topcv.vn/viec-lam/ke-toan-truong-di-lam-luon/2130653.html?ta_source=JobSearchList_LinkDetail&u_sr_id=ldByqLBiPcxT5CmGJKaGEBKrfdq5hO9rDDZYWKuZ_1776608186
56,"Nhân Viên Kế Toán - Không Yêu Cầu Kinh Nghiệm, Được Đào Tạo |Thu Nhập 8 - 10 Triệu| Tại Đà Nẵng",CÔNG TY TNHH THƯƠNG MẠI BẠC HÀ XANH,8 - 10 triệu,https://www.topcv.vn/viec-lam/nhan-vien-ke-toan-khong-yeu-cau-kinh-nghiem-duoc-dao-tao-thu-nhap-8-10-trieu-tai-da-nang/2120667.html?ta_source=JobSearchList_LinkDetail&u_sr_id=ldByqLBiPcxT5CmGJKaGEBKrfdq5hO9rDDZYWKuZ_1776608186
57,Nhân Viên Nhắc Lịch Hẹn Ngân Hàng Quốc Tế - Thu Nhập Đến 28 Triệu,Công ty TNHH Vietnam Concentrix Services,Tới 28 triệu,https://www.topcv.vn/brand/concentrixservices/tuyen-dung/nhan-vien-nhac-lich-hen-ngan-hang-quoc-te-thu-nhap-den-28-trieu-j2100875.html?ta_source=JobSearchList_LinkDetail&u_sr_id=ldByqLBiPcxT5CmGJKaGEBKrfdq5hO9rDDZYWKuZ_1776608186
58,Lập Trình Viên Backend (Python) - 2+ Years Relevant Experience,CÔNG TY TNHH EAERA VIỆT NAM,600 - 900 USD,https://www.topcv.vn/viec-lam/lap-trinh-vien-backend-python-2-years-relevant-experience/2002623.html?ta_source=JobSearchList_LinkDetail&u_sr_id=ldByqLBiPcxT5CmGJKaGEBKrfdq5hO9rDDZYWKuZ_1776608186
59,Nhân Viên Kinh Doanh/ Sales / Tư Vấn Bán Hàng Sữa Ensure/Glucerna (Nữ ) - Tại Bệnh Viện - Thu Nhập 10–18 Triệu,Công ty Cổ Phần Dịch Vụ Phân Phối Và Bán Lẻ Quốc Tế,10 - 18 triệu,https://www.topcv.vn/viec-lam/nhan-vien-kinh-doanh-sales-tu-van-ban-hang-sua-ensure-glucerna-nu-tai-benh-vien-thu-nhap-1018-trieu/2103179.html?ta_source=JobSearchList_LinkDetail&u_sr_id=ldByqLBiPcxT5CmGJKaGEBKrfdq5hO9rDDZYWKuZ_1776608186
60,"Kế Toán Tổng Hợp - Lương Lên Đến 17 Triệu/ Tháng (Tại Xuân Phương, Hà Nội)",CÔNG TY CỔ PHẦN XUẤT NHẬP KHẨU THIẾT BỊ HUY HOÀNG,15 - 17 triệu,https://www.topcv.vn/viec-lam/ke-toan-tong-hop-luong-len-den-17-trieu-thang-tai-xuan-phuong-ha-noi/1823561.html?ta_source=JobSearchList_LinkDetail&u_sr_id=ldByqLBiPcxT5CmGJKaGEBKrfdq5hO9rDDZYWKuZ_1776608186
61,Nhân Viên Kế Toán Tổng Hợp - Lương 16tr - Đi Làm Ngay,CÔNG TY TNHH THƯƠNG MẠI VÀ DỊCH VỤ VINAKO,13 - 16 triệu,https://www.topcv.vn/viec-lam/nhan-vien-ke-toan-tong-hop-luong-16tr-di-lam-ngay/2128245.html?ta_source=JobSearchList_LinkDetail&u_sr_id=ldByqLBiPcxT5CmGJKaGEBKrfdq5hO9rDDZYWKuZ_1776608186
62,Chuyên Viên Kế Toán Nội Bộ - 3 Năm Kinh Nghiệm,Công ty cổ phần Chứng khoán Việt Thành,Thoả thuận,https://www.topcv.vn/viec-lam/chuyen-vien-ke-toan-noi-bo-3-nam-kinh-nghiem/2117995.html?ta_source=JobSearchList_LinkDetail&u_sr_id=ldByqLBiPcxT5CmGJKaGEBKrfdq5hO9rDDZYWKuZ_1776608186
63,Nhân Viên Nhắc Lịch Hẹn Ngân Hàng Quốc Tế - Thu Nhập Đến 28 Triệu- Tại Quận 11& Quận 9,Công ty TNHH Vietnam Concentrix Services,Tới 28 triệu,https://www.topcv.vn/brand/concentrixservices/tuyen-dung/nhan-vien-nhac-lich-hen-ngan-hang-quoc-te-thu-nhap-den-28-trieu-tai-quan-11-quan-9-j2122272.html?ta_source=JobSearchList_LinkDetail&u_sr_id=ldByqLBiPcxT5CmGJKaGEBKrfdq5hO9rDDZYWKuZ_1776608186
64,Kỹ Sư Điện Tử | Electronics Engineer – Công Ty FDI (Sản Xuất PCBA/Adapter) – Bình Dương - Lương 30 - 60 Triệu / Tháng,CÔNG TY TNHH KA HONG (VIETNAM),30 - 60 triệu,https://www.topcv.vn/viec-lam/ky-su-dien-tu-electronics-engineer-cong-ty-fdi-san-xuat-pcba-adapter-binh-duong-luong-30-60-trieu-thang/2089605.html?ta_source=JobSearchList_LinkDetail&u_sr_id=ldByqLBiPcxT5CmGJKaGEBKrfdq5hO9rDDZYWKuZ_1776608186
65,Nhân Viên Văn Phòng / Chốt Đơn Qua Điện Thoại  ( Data Có Sẵn - Thử Việc 100% Lương - Thu Nhập 10-22 Triệu/Tháng) - Quận 12,Công ty TNHH Vietnam Concentrix Services,Tới 22 triệu,https://www.topcv.vn/brand/concentrixservices/tuyen-dung/nhan-vien-van-phong-chot-don-qua-dien-thoai-data-co-san-thu-viec-100-luong-thu-nhap-10-22-trieu-thang-quan-12-j2122238.html?ta_source=JobSearchList_LinkDetail&u_sr_id=ldByqLBiPcxT5CmGJKaGEBKrfdq5hO9rDDZYWKuZ_1776608186
66,Kiến Trúc Sư Thiết Kế (Công Trình) Tại Hà Nội _Ưu Tiên Đi Làm Luôn _ Thu Nhập 12 - 20 Triệu/Tháng,CÔNG TY CỔ PHẦN ĐẦU TƯ PHÁT TRIỂN PNT,12 - 20 triệu,https://www.topcv.vn/viec-lam/kien-truc-su-thiet-ke-cong-trinh-tai-ha-noi-uu-tien-di-lam-luon-thu-nhap-12-20-trieu-thang/1302806.html?ta_source=JobSearchList_LinkDetail&u_sr_id=ldByqLBiPcxT5CmGJKaGEBKrfdq5hO9rDDZYWKuZ_1776608186
67,Chuyên Viên Thanh Quyết Toán - Lương Đến 22 Triệu,CÔNG TY TNHH TÍCH HỢP HỆ THỐNG NHT,Tới 22 triệu,https://www.topcv.vn/viec-lam/chuyen-vien-thanh-quyet-toan-luong-den-22-trieu/2109602.html?ta_source=JobSearchList_LinkDetail&u_sr_id=ldByqLBiPcxT5CmGJKaGEBKrfdq5hO9rDDZYWKuZ_1776608186
68,Kế Toán Nội Bộ - Từ 2 Năm Kinh Nghiệm |Lương 10 - 15 Triệu + Phụ Cấp |Tại Tây Mỗ - Nam Từ Liêm,CÔNG TY TNHH SẢN XUẤT TÙNG KHÁNH,10 - 15 triệu,https://www.topcv.vn/viec-lam/ke-toan-noi-bo-tu-2-nam-kinh-nghiem-luong-10-15-trieu-phu-cap-tai-tay-mo-nam-tu-liem/2127079.html?ta_source=JobSearchList_LinkDetail&u_sr_id=ldByqLBiPcxT5CmGJKaGEBKrfdq5hO9rDDZYWKuZ_1776608186
69,Nhân Viên Kinh Doanh / Tư Vấn / Sales Bất Động Sản ( Lương Cơ Bản Từ 7– 25tr Triệu + Hoa Hồng + Thưởng ) _ Không Giới Hạn Lương Theo Doanh Số Bán,CÔNG TY CỔ PHẦN ĐẦU TƯ VÀ PHÁT TRIỂN BẤT ĐỘNG SẢN PHÚC THỊNH,Thoả thuận,https://www.topcv.vn/viec-lam/nhan-vien-kinh-doanh-tu-van-sales-bat-dong-san-luong-co-ban-tu-7-25tr-trieu-hoa-hong-thuong-khong-gioi-han-luong-theo-doanh-so-ban/2122839.html?ta_source=JobSearchList_LinkDetail&u_sr_id=ldByqLBiPcxT5CmGJKaGEBKrfdq5hO9rDDZYWKuZ_1776608186
70,Nhân Viên Kinh Doanh/ Sales/ Tư Vấn Bán Hàng/ Chăm Sóc Khách Hàng (Nữ) - Sữa Abbott/ Ensure  - Thu Nhập Từ 10- 18 Triệu/ Tháng,Công ty Cổ Phần Dịch Vụ Phân Phối Và Bán Lẻ Quốc Tế,10 - 18 triệu,https://www.topcv.vn/viec-lam/nhan-vien-kinh-doanh-sales-tu-van-ban-hang-cham-soc-khach-hang-nu-sua-abbott-ensure-thu-nhap-tu-10-18-trieu-thang/2103170.html?ta_source=JobSearchList_LinkDetail&u_sr_id=ldByqLBiPcxT5CmGJKaGEBKrfdq5hO9rDDZYWKuZ_1776608186
71,Accounting Supervisor (Giám Sát Và Điều Phối)/ Trợ Lý Kế Toán Trưởng,CÔNG TY TNHH MAXPEED VIỆT NAM,18 - 22 triệu,https://www.topcv.vn/viec-lam/accounting-supervisor-giam-sat-va-dieu-phoi-tro-ly-ke-toan-truong/2126019.html?ta_source=JobSearchList_LinkDetail&u_sr_id=ldByqLBiPcxT5CmGJKaGEBKrfdq5hO9rDDZYWKuZ_1776608186
72,Nhân Viên Kinh Doanh Tư Vấn Bảo Hiểm Tại Hà Nội | Không Yêu Cầu Kinh Nghiệm | Thu Nhập Đến 30tr | Đi Làm Ngay,CÔNG TY CỔ PHẦN TẬP ĐOÀN BẢO HIỂM DBV - CHI NHÁNH VẠN XUÂN,6 - 25 triệu,https://www.topcv.vn/viec-lam/nhan-vien-kinh-doanh-tu-van-bao-hiem-tai-ha-noi-khong-yeu-cau-kinh-nghiem-thu-nhap-den-30tr-di-lam-ngay/2055075.html?ta_source=JobSearchList_LinkDetail&u_sr_id=ldByqLBiPcxT5CmGJKaGEBKrfdq5hO9rDDZYWKuZ_1776608186
73,"Nhân Viên Kinh Doanh/ Sales Thị Trường Kênh Đại Lý - Hồ Chí Minh, Bình Dương & Khu Vực Miền Tây",Chi nhánh Công ty TNHH Thiết bị điện và chiếu sáng Châu Á,12 - 16 triệu,https://www.topcv.vn/viec-lam/nhan-vien-kinh-doanh-sales-thi-truong-kenh-dai-ly-ho-chi-minh-binh-duong-khu-vuc-mien-tay/2121322.html?ta_source=JobSearchList_LinkDetail&u_sr_id=ldByqLBiPcxT5CmGJKaGEBKrfdq5hO9rDDZYWKuZ_1776608186
74,Customer Services Team Leader - English Language,Công ty TNHH Vietnam Concentrix Services,18 - 19 triệu,https://www.topcv.vn/brand/concentrixservices/tuyen-dung/customer-services-team-leader-english-language-j2110884.html?ta_source=JobSearchList_LinkDetail&u_sr_id=ldByqLBiPcxT5CmGJKaGEBKrfdq5hO9rDDZYWKuZ_1776608186
75,Trưởng Bộ Phận Nhân Sự,CÔNG TY TNHH GOLDREACH KNITTECH VINA,Thoả thuận,https://www.topcv.vn/viec-lam/truong-bo-phan-nhan-su/2122802.html?ta_source=JobSearchList_LinkDetail&u_sr_id=ldByqLBiPcxT5CmGJKaGEBKrfdq5hO9rDDZYWKuZ_1776608186
76,"Nhân Viên Kế Toán Dịch Vụ, Đi Làm Ngay, Thu Nhập 10 - 15 Triệu/ Tháng Theo Năng Lực + Thưởng, HCM",CÔNG TY TNHH HÃNG KIỂM TOÁN MBA,10 - 15 triệu,https://www.topcv.vn/viec-lam/nhan-vien-ke-toan-dich-vu-di-lam-ngay-thu-nhap-10-15-trieu-thang-theo-nang-luc-thuong-hcm/2116372.html?ta_source=JobSearchList_LinkDetail&u_sr_id=ldByqLBiPcxT5CmGJKaGEBKrfdq5hO9rDDZYWKuZ_1776608186
77,Chuyên Viên Marketing Branding - Có Kinh Nghiệm Ngành Thời Trang (Thu Nhập 12 - 15 Triệu) Đi Làm Ngay Tại Hà Nội,CÔNG TY CP VENICII VIỆT NAM,13 - 15 triệu,https://www.topcv.vn/viec-lam/chuyen-vien-marketing-branding-co-kinh-nghiem-nganh-thoi-trang-thu-nhap-12-15-trieu-di-lam-ngay-tai-ha-noi/2075078.html?ta_source=JobSearchList_LinkDetail&u_sr_id=ldByqLBiPcxT5CmGJKaGEBKrfdq5hO9rDDZYWKuZ_1776608186
78,Kế Toán Tổng Hợp (Ngành Mỹ Phẩm) - Thu Nhập Từ 12 - 16 Triệu,Công ty TNHH OQR,12 - 16 triệu,https://www.topcv.vn/viec-lam/ke-toan-tong-hop-nganh-my-pham-thu-nhap-tu-12-16-trieu/2116217.html?ta_source=JobSearchList_LinkDetail&u_sr_id=ldByqLBiPcxT5CmGJKaGEBKrfdq5hO9rDDZYWKuZ_1776608186
79,Nhân Viên Telesales / Bán Hàng Qua Điện Thoại  - Đào Tạo Có Lương - Data Có Sẵn,CÔNG TY TNHH VIETNAM CONCENTRIX SERVICES,Tới 20 triệu,https://www.topcv.vn/viec-lam/nhan-vien-telesales-ban-hang-qua-dien-thoai-dao-tao-co-luong-data-co-san/2126378.html?ta_source=JobSearchList_LinkDetail&u_sr_id=ldByqLBiPcxT5CmGJKaGEBKrfdq5hO9rDDZYWKuZ_1776608186
80,"Nhân Viên Kinh Doanh - Được Đào Tạo, Không Yêu Cầu Kinh Nghiệm (Thu Nhập Không Giới Hạn)",CÔNG TY CỔ PHẦN BẤT ĐỘNG SẢN SEVEN HOLDING LAND,15 - 30 triệu,https://www.topcv.vn/viec-lam/nhan-vien-kinh-doanh-duoc-dao-tao-khong-yeu-cau-kinh-nghiem-thu-nhap-khong-gioi-han/2095652.html?ta_source=JobSearchList_LinkDetail&u_sr_id=ldByqLBiPcxT5CmGJKaGEBKrfdq5hO9rDDZYWKuZ_1776608186
81,Kỹ Sư Dự Toán Công Trình Xây Dựng / Thanh Quyết Toán/ Đấu Thầu - Thu Nhập Hấp Dẫn Từ 15-20 Triệu - Đi Làm Ngay Tại Hà Nội,Công ty CP Xây dựng và nội thất Phú Minh,16 - 20 triệu,https://www.topcv.vn/viec-lam/ky-su-du-toan-cong-trinh-xay-dung-thanh-quyet-toan-dau-thau-thu-nhap-hap-dan-tu-15-20-trieu-di-lam-ngay-tai-ha-noi/2079998.html?ta_source=JobSearchList_LinkDetail&u_sr_id=ldByqLBiPcxT5CmGJKaGEBKrfdq5hO9rDDZYWKuZ_1776608186
82,"Chuyên Viên Thu/ Mua Hàng Xuất Nhập Khẩu (Có Tiếng Anh) - Lương Cứng Từ 10-15 Triệu - Nghỉ Thứ 7, Chủ Nhật - Đi Làm Ngay Tại Hà Nội",CÔNG TY CỔ PHẦN GIẢI PHÁP VÀ CHẾ TẠO MÁY DYNAMIC,10 - 15 triệu,https://www.topcv.vn/viec-lam/chuyen-vien-thu-mua-hang-xuat-nhap-khau-co-tieng-anh-luong-cung-tu-10-15-trieu-nghi-thu-7-chu-nhat-di-lam-ngay-tai-ha-noi/2118842.html?ta_source=JobSearchList_LinkDetail&u_sr_id=ldByqLBiPcxT5CmGJKaGEBKrfdq5hO9rDDZYWKuZ_1776608186
83,Presale Giải Pháp AI Camera,CÔNG TY CỔ PHẦN CÔNG NGHỆ HANET,Thoả thuận,https://www.topcv.vn/viec-lam/presale-giai-phap-ai-camera/2122183.html?ta_source=JobSearchList_LinkDetail&u_sr_id=ldByqLBiPcxT5CmGJKaGEBKrfdq5hO9rDDZYWKuZ_1776608186
84,"Chuyên Viên Kế Toán Sản Xuất - Làm Tại Ninh Gia, Lâm Đồng",CÔNG TY TNHH SẢN XUẤT THƯƠNG MẠI HỒNG ÂN,9 - 12 triệu,https://www.topcv.vn/viec-lam/chuyen-vien-ke-toan-san-xuat-lam-tai-ninh-gia-lam-dong/2117814.html?ta_source=JobSearchList_LinkDetail&u_sr_id=ldByqLBiPcxT5CmGJKaGEBKrfdq5hO9rDDZYWKuZ_1776608186
85,Marine Surveyor - Giám Định Viên Hàng Hải - YC 1 Năm Kinh Nghiệm,CÔNG TY TNHH SAFEOCEAN SURVEYOR AND INSPECTION,Thoả thuận,https://www.topcv.vn/viec-lam/marine-surveyor-giam-dinh-vien-hang-hai-yc-1-nam-kinh-nghiem/2092768.html?ta_source=JobSearchList_LinkDetail&u_sr_id=ldByqLBiPcxT5CmGJKaGEBKrfdq5hO9rDDZYWKuZ_1776608186
86,Kỹ Sư Quản Lý Chất Lượng (QA/QC) - Thu Nhập Lên Tới 25 Triệu - Đi Làm Luôn Tại Thái Bình (Hưng Yên),CÔNG TY CỔ PHẦN PICONS VIỆT NAM,16 - 22 triệu,https://www.topcv.vn/viec-lam/ky-su-quan-ly-chat-luong-qa-qc-thu-nhap-len-toi-25-trieu-di-lam-luon-tai-thai-binh-hung-yen/2072768.html?ta_source=JobSearchList_LinkDetail&u_sr_id=ldByqLBiPcxT5CmGJKaGEBKrfdq5hO9rDDZYWKuZ_1776608186
87,Nhân Viên Kế Toán Tổng Hợp - LÀM NỘI BỘ / Từ 2 Năm Kinh Nghiệm - Lương Cứng Upto 20M,CÔNG TY CỔ PHẦN QUỐC TẾ THIÊN BÌNH,15 - 20 triệu,https://www.topcv.vn/viec-lam/nhan-vien-ke-toan-tong-hop-lam-noi-bo-tu-2-nam-kinh-nghiem-luong-cung-upto-20m/2043449.html?ta_source=JobSearchList_LinkDetail&u_sr_id=ldByqLBiPcxT5CmGJKaGEBKrfdq5hO9rDDZYWKuZ_1776608186
88,"Kế Toán Tổng Hợp - 3 Năm Kinh Nghiệm Trở Lên - Làm Việc Tại Láng, HN - Phúc Lợi Tốt, Thu Nhập 13 - 18 Triệu",PMA Professional Management Academy,13 - 18 triệu,https://www.topcv.vn/viec-lam/ke-toan-tong-hop-3-nam-kinh-nghiem-tro-len-lam-viec-tai-lang-hn-phuc-loi-tot-thu-nhap-13-18-trieu/2061285.html?ta_source=JobSearchList_LinkDetail&u_sr_id=ldByqLBiPcxT5CmGJKaGEBKrfdq5hO9rDDZYWKuZ_1776608186
89,Nhân Viên Kinh Doanh (Thu Nhập Lên Đến 40Tr/Tháng),CÔNG TY TNHH TOYOTA THUẬN AN,15 - 40 triệu,https://www.topcv.vn/viec-lam/nhan-vien-kinh-doanh-thu-nhap-len-den-40tr-thang/2121149.html?ta_source=JobSearchList_LinkDetail&u_sr_id=ldByqLBiPcxT5CmGJKaGEBKrfdq5hO9rDDZYWKuZ_1776608186
90,Kỹ Sư Cấp Thoát Nước,Công ty Cổ phần Đầu tư Thương mại và Kỹ thuật Hòa Bình,18 - 25 triệu,https://www.topcv.vn/viec-lam/ky-su-cap-thoat-nuoc/2130475.html?ta_source=JobSearchList_LinkDetail&u_sr_id=ldByqLBiPcxT5CmGJKaGEBKrfdq5hO9rDDZYWKuZ_1776608186
91,"Nhân Viên Chăm Sóc Khách Hàng (Mảng Thương Mại Điện Tử) - Thu Nhập 10-12M/Tháng + Thưởng KPI 6 Tháng (Tối Đa 20M) , Ưu Tiên NỮ",CÔNG TY CỔ PHẦN HAVI GROUP,10 - 12 triệu,https://www.topcv.vn/viec-lam/nhan-vien-cham-soc-khach-hang-mang-thuong-mai-dien-tu-thu-nhap-10-12m-thang-thuong-kpi-6-thang-toi-da-20m-uu-tien-nu/2104191.html?ta_source=JobSearchList_LinkDetail&u_sr_id=ldByqLBiPcxT5CmGJKaGEBKrfdq5hO9rDDZYWKuZ_1776608186
92,Nhân Viên Phát Triển Đối Tác - Thị Trường Hộ Kinh Doanh,Công ty Cổ phần MISA,Tới 30 triệu,https://www.topcv.vn/brand/misa/tuyen-dung/nhan-vien-phat-trien-doi-tac-thi-truong-ho-kinh-doanh-j2104558.html?ta_source=JobSearchList_LinkDetail&u_sr_id=ldByqLBiPcxT5CmGJKaGEBKrfdq5hO9rDDZYWKuZ_1776608186
93,Nhân Viên Kinh Doanh/ Sales/ Tư Vấn Sữa Abbott/ Ensure (Nữ) - Tại Bệnh Viện Chợ Rẫy – Thu Nhập 10–18 Triệu,Công ty Cổ Phần Dịch Vụ Phân Phối Và Bán Lẻ Quốc Tế,10 - 18 triệu,https://www.topcv.vn/viec-lam/nhan-vien-kinh-doanh-sales-tu-van-sua-abbott-ensure-nu-tai-benh-vien-cho-ray-thu-nhap-1018-trieu/2103161.html?ta_source=JobSearchList_LinkDetail&u_sr_id=ldByqLBiPcxT5CmGJKaGEBKrfdq5hO9rDDZYWKuZ_1776608186
94,Kế Toán Tổng Hợp - Nhận Việc Ngay Tại Bình Thạnh (HCM) - 3 Năm Kinh Nghiệm,Công ty TNHH Sakura Beauty Việt Nam,Từ 20 triệu,https://www.topcv.vn/viec-lam/ke-toan-tong-hop-nhan-viec-ngay-tai-binh-thanh-hcm-3-nam-kinh-nghiem/2089073.html?ta_source=JobSearchList_LinkDetail&u_sr_id=ldByqLBiPcxT5CmGJKaGEBKrfdq5hO9rDDZYWKuZ_1776608186
95,"Nhân Viên Bán Hàng Xe Du Lịch/ Tải, Bus (Nhân Viên Kinh Doanh, Tư Vấn), Thu Nhập TB 15-20 Triệu",CÔNG TY TNHH THACO AUTO TP. HCM,15 - 20 triệu,https://www.topcv.vn/viec-lam/nhan-vien-ban-hang-xe-du-lich-tai-bus-nhan-vien-kinh-doanh-tu-van-thu-nhap-tb-15-20-trieu/2103115.html?ta_source=JobSearchList_LinkDetail&u_sr_id=ldByqLBiPcxT5CmGJKaGEBKrfdq5hO9rDDZYWKuZ_1776608186
96,Nhân Viên Kế Toán- Lương Lên Đến 15 Triệu/Tháng,Công Ty Cổ Phần Tập Đoàn Babylons,10 - 15 triệu,https://www.topcv.vn/viec-lam/nhan-vien-ke-toan-luong-len-den-15-trieu-thang/2121773.html?ta_source=JobSearchList_LinkDetail&u_sr_id=ldByqLBiPcxT5CmGJKaGEBKrfdq5hO9rDDZYWKuZ_1776608186
97,Nhân Viên Gọi Đặt Lich Hẹn -  CSKH Tiếng Nhật - Hỗ Trợ Về Dịch Vụ Internet (Tiếng Nhật Từ N3 - Giờ Cố Định),CÔNG TY TNHH TRANSCOSMOS VIỆT NAM,10 - 15 triệu,https://www.topcv.vn/brand/transcosmoshochiminh/tuyen-dung/nhan-vien-goi-dat-lich-hen-cskh-tieng-nhat-ho-tro-ve-dich-vu-internet-tieng-nhat-tu-n3-gio-co-dinh-j2117892.html?ta_source=JobSearchList_LinkDetail&u_sr_id=ldByqLBiPcxT5CmGJKaGEBKrfdq5hO9rDDZYWKuZ_1776608186
98,Kế Toán Nội Bộ (Mức Lương 9 - 12 Triệu),HÃNG THIẾT BỊ NHÀ BẾP KOCHER - CÔNG TY CỔ PHẦN TẬP ĐOÀN KOCHER,9 - 12 triệu,https://www.topcv.vn/viec-lam/ke-toan-noi-bo-muc-luong-9-12-trieu/2122716.html?ta_source=JobSearchList_LinkDetail&u_sr_id=ldByqLBiPcxT5CmGJKaGEBKrfdq5hO9rDDZYWKuZ_1776608186
99,"Kỹ Sư Xây Dựng [Hà Nội/ Quảng Ninh/ Hải Phòng] - Thu Nhập Upto 21 Triệu, Từ 1 Năm Kinh Nghiệm",Công ty cổ phần tư vấn và xây dựng KM Việt Nam,12 - 21 triệu,https://www.topcv.vn/viec-lam/ky-su-xay-dung-ha-noi-quang-ninh-hai-phong-thu-nhap-upto-21-trieu-tu-1-nam-kinh-nghiem/2018936.html?ta_source=JobSearchList_LinkDetail&u_sr_id=ldByqLBiPcxT5CmGJKaGEBKrfdq5hO9rDDZYWKuZ_1776608186
100,Nhân Viên Kế Toán Thuế Nội Bộ,CÔNG TY CỔ PHẦN TẬP ĐOÀN TS GROUP,Từ 14 triệu,https://www.topcv.vn/viec-lam/nhan-vien-ke-toan-thue-noi-bo/1912865.html?ta_source=JobSearchList_LinkDetail&u_sr_id=ldByqLBiPcxT5CmGJKaGEBKrfdq5hO9rDDZYWKuZ_1776608186
